"","N_coeff","slope_mq","RMSD_mq","MAD_mq","R2_mq","slope_mc","RMSD_mc","MAD_mc","R2_mc","slope_mT","RMSD_mT","MAD_mT","R2_mT","slope_cq","RMSD_cq","MAD_cq","R2_cq"
"20150603 08:30",2040,0.000936048972299225,0.000825090340104032,0.00032664584220186,0.696262167942626,-7.10408576882789e-05,0.000924342939455201,0.000317026236398914,0.618791882347027,0.00257192939100726,0.000916294634813882,0.000349551610733848,0.625401381843239,-13.54743024753,4.83268960275334,1.12115868078048,0.889022533168175
"20150603 09:00",2044,0.000817135200219041,0.000956335835553763,0.00036010320964419,0.692936357524485,-5.04108601343594e-05,0.000937798595516152,0.00035671021368438,0.704724989501688,0.00189358037176344,0.00108399921610821,0.000378259175794346,0.605483225331696,-16.3351837694583,10.2157986536552,1.19844690994744,0.794761946924338
"20150603 09:30",2044,0.00068157564635883,0.000999046756126491,0.000367658150806176,0.671721291021133,-3.98563546630803e-05,0.00106641232556627,0.00038384347601625,0.625957112643415,0.00171089723893246,0.00113206748996907,0.00037526119885125,0.578482386890601,-16.9294157924684,4.54614017450823,1.17554554743807,0.968791483001812
"20150605 10:30",1022,0.000343351266757949,0.00180947985202246,0.000624240968517147,0.672546532021847,-3.11646929183506e-05,0.00191446614105966,0.000663112527865697,0.633446415674278,0.000466804960914849,0.0032095587755132,0.00119396806580273,-0.0302265956744465,-10.8126749161785,12.5744280009641,2.92974135357871,0.957816367740515
"20150605 17:00",1020,0.000547223668882138,0.00226115537842548,0.00119895919854501,0.797480212945471,-9.37351074355379e-05,0.00249122932580932,0.00125914950880599,0.754170462410159,-0.00290824347814862,0.00518107675152842,0.00232127115260359,-0.0632776883729944,-5.65314291317704,4.85352262955109,1.78961479996021,0.987317471516122
"20150605 18:30",2040,0.00107454605635379,0.00171204430140055,0.000851582067823356,0.902590405371057,-0.0002343614039278,0.00177841980183671,0.000934021835262927,0.894890901820236,-0.00772459082178115,0.00386894726308922,0.0010874242890899,0.502540923696838,-4.46712152590639,2.50518847961071,0.836186728043168,0.982531131904288
"20150606 10:30",2040,0.000736859077705307,0.0010833579971065,0.000564303737481955,0.836494306515477,-5.2452541045522e-05,0.00112371314064999,0.000585081561893336,0.82408623977527,0.00295229018580308,0.00137712419328621,0.000624866603110076,0.735798603436631,-13.6385914488426,3.99433921859526,1.4507637315355,0.990021229582429
"20150607 10:30",2040,0.000864435269398055,0.00130721532315729,0.000570010007126189,0.884156739331775,-7.37997668057339e-05,0.00158749161581127,0.000618654928562878,0.829156132696784,-0.000381207778195489,0.003895859630691,0.00157726620826087,-0.0289235668498007,-11.4894300590681,6.22811559465406,1.5602803734208,0.976952911245985
"20150607 16:30",2044,0.000897269065766936,0.00305921663068451,0.00132299005595376,0.818006654582219,-0.000124144156692836,0.00418246883204059,0.00138798898710289,0.659826505230788,-0.00595204691233189,0.00511127227582442,0.00171592413706934,0.491965649573104,-7.14911653962786,13.0538950674608,1.80166404409394,0.908621838712666
"20150609 13:30",1022,0.000692481034238325,0.0114027902243988,0.00222307409624614,0.495978524973416,-0.000109828592021022,0.0134377994185795,0.00221678535925485,0.300024112311339,-0.00334465218578893,0.0125019521951296,0.00366338003206729,0.394125827824963,-4.53172420485513,23.0050841093809,4.88747729435099,0.804869247885368
"20150610 15:30",2040,0.00116820177029536,0.00261689986757492,0.00176174894028013,0.900481883719585,-0.000175457054177631,0.00252856603288656,0.00178782676949818,0.907086988706849,-0.00659473022714622,0.00435886240024946,0.00196206331645024,0.723895010091647,-6.67573100296993,4.11780927867277,1.29477496975116,0.990289001549644
"20150611 11:00",2040,0.00131778193618724,0.00178037561948116,0.000926080480382613,0.930564108511444,-0.000111373180968176,0.00191064912657726,0.000969761543007992,0.920030824342846,0.00867178047922973,0.00362674731180351,0.0022491887848181,0.711865451811321,-11.6630990506987,6.30558021450172,1.62595645941233,0.98614546366021
"20150612 04:00",4088,0.0157245808811318,0.00154038097294923,0.00103664782548054,0.907545214964898,0.000861920096419239,0.00158593165577531,0.00110043587943791,0.901996398006725,-0.00813702298443301,0.00123901838583604,0.000755429099049583,0.940182452376208,17.8079657698723,0.914900789161411,0.324384998885492,0.971861909970508
"20150612 09:30",4080,0.0016457536218273,0.00102353990856968,0.00042441384381178,0.894085280926146,-0.000130237668453949,0.00121362033816504,0.000517993481435183,0.851093913848281,0.00763553430259943,0.00263727597664239,0.00116894933353952,0.296833916962008,-12.169774184107,3.68858710427131,2.26567669229772,0.965569349869804
"20150612 11:00",4088,0.00119821688512796,0.00186165482433583,0.00063630720405084,0.806226460205717,-0.000112327628580814,0.00193394443663674,0.00066712500585258,0.790885505006813,0.00305933674063243,0.0042216906390442,0.00156834807988352,0.0035191347025475,-10.5946080802073,4.34010077118854,1.13144388444898,0.978919361739199
"20150612 12:30",2040,0.00133781655560772,0.00294272486693412,0.00126288397005448,0.84009210352844,-0.000147550976933465,0.00379914045754191,0.00151036334543031,0.733472950169751,-0.00510423869976471,0.00826007699545091,0.00287021956373783,-0.259907853560282,-9.26641865331615,9.52479586593719,2.42079958884636,0.953651389071785
"20150615 07:30",2040,0.00639333683286973,0.00445051429557517,0.00190679733135352,0.655431870373775,-0.000315759827366173,0.00494770546977854,0.00198230709562255,0.574144380730466,0.0150258391496393,0.00787871040651553,0.00295624763784857,-0.0798538475050059,-19.2373643964546,5.37842914485489,1.33830205325174,0.913163350563736
"20150615 14:00",2040,0.00152893136270885,0.00397486058034182,0.00173954219992331,0.814468442179377,-0.000167087906412075,0.0048545551706745,0.00192484009452296,0.723259403385643,-0.0068679954974516,0.0088322029698872,0.00250876838984163,0.0839649896965892,-8.35902590107856,11.1616765040228,2.53123280030289,0.940634034121896
"20150616 09:30",2040,0.00194936606233461,0.00157265512080911,0.00101332719798666,0.926101761849397,-0.000153238616702842,0.00158574205808459,0.00106221735862837,0.924866747904419,0.0106564244712781,0.00443345604964023,0.00226318144820394,0.412710937879265,-13.060109868077,3.83709727778479,1.39507865862876,0.988334829984715
"20150616 11:00",2040,0.0014053630080987,0.00205481402914494,0.00144886804619124,0.92305754846976,-0.000133609477260734,0.00213321820630657,0.0014686586950914,0.917073843222314,0.00934963215763183,0.00536762978623874,0.00280557828133405,0.474967625441287,-10.5159070290156,8.57245896925051,1.9907033792944,0.972182960568711
"20150616 12:30",2040,0.00138082721298991,0.00373745638278175,0.00174939517514638,0.846424836908655,-0.00016332650176789,0.00423540726581915,0.0019184761098747,0.802776312855199,-0.00604747736125546,0.0100503687357867,0.00404124085033998,-0.110536176926366,-8.4028048523448,7.51089438738611,2.17816001601688,0.974569914563393
"20150616 16:30",4088,0.00172676726782195,0.00211689249927836,0.00118337430398452,0.864551022941243,-0.000252638364851695,0.00235768088302339,0.00119166180954284,0.831984957763509,-0.00610702888464035,0.00415576896673701,0.00113674089584308,0.477987488026346,-6.79926281884236,4.42095324731462,0.850787431902929,0.961237602204613
"20150617 08:00",2044,0.00379302565004734,0.00670059360069367,0.00254345012678485,0.718652559012474,-0.000235649776432264,0.00880863384827472,0.00267086856335701,0.513779205489209,0.0229748207094653,0.0138241345082755,0.00342071162144493,-0.197546303468552,-15.3474158389096,12.9694701877913,2.2020314280768,0.873436722118972
"20150617 08:30",2040,0.00267808939281614,0.00300404385144856,0.00188304292934454,0.856432646969647,-0.000191011539699488,0.00308992049929394,0.00197154274321522,0.848106996959372,0.0216215467438424,0.00678642390671159,0.00324524795068138,0.267301799113124,-13.7658257395288,5.18804599318701,1.39809987319452,0.97815838099649
"20150617 12:00",4088,0.00139804097756775,0.00187786813575918,0.00109039194018242,0.853504844153022,-0.000147735773608126,0.00197521565763772,0.00109537068645482,0.837922728165332,-0.00700520501002358,0.00498024454505052,0.00137492095432433,-0.0303728710118039,-9.18364470104093,6.29862227502442,1.22262613554109,0.959078320017182
"20150617 14:30",4080,0.00152414357403107,0.00203350093653674,0.00128132992945718,0.862653830601303,-0.000190549976303578,0.00203281297102546,0.00126781906101195,0.862746747641391,-0.00783799238134076,0.00423483306851196,0.00160552123146131,0.404337322558651,-7.98353143883075,3.55863423485725,0.900210471397701,0.980787156823135
"20150617 17:30",2040,0.00458657984194152,0.00468897218547261,0.00306576479628108,0.801549004573623,-0.000771783207957824,0.0053427274165282,0.00324565778777512,0.742353644823376,-0.00871226080945658,0.00453803431050524,0.0025400878817095,0.814119634068688,-5.42376974500851,2.91823315996769,1.2477217278111,0.946975788344073
"20150618 13:00",4080,0.00212580226127645,0.000921851712375,0.000552943340891903,0.835631858701106,-0.00012787447094385,0.000889343555304332,0.000553621838831701,0.847020007548064,-0.00950614747846966,0.0014014043782249,0.000690178119369626,0.620140973789728,-16.4864641962079,2.33406336007776,0.862986509167432,0.978164364490816
"20150619 10:00",8160,0.00126735267431217,0.00038490801991885,0.000247840507443956,0.842955147472391,-8.32492190024003e-05,0.000359032081444157,0.000247052546253859,0.863360488868175,0.0019623851922752,0.000941238526091177,0.000480732766578515,0.0609057616712709,-15.3288873430628,1.60053274518953,0.979744465246027,0.977539886973302
"20150619 15:00",4088,0.00135634053559052,0.00115703379064294,0.000549515519942118,0.829574708723927,-7.74842989889233e-05,0.00106967658899239,0.000539303560312103,0.854337774265037,0.00536623509329193,0.00275764304682246,0.0012151307737381,0.0319048163138582,-17.6302165521649,4.65239444245728,1.51869269847972,0.981368316400002
"20150620 12:30",4080,0.00103641233352197,0.000860055283146951,0.000445977453869439,0.917952880653004,-9.65621930531054e-05,0.000891615454640822,0.000449840844357445,0.911820876629023,-0.004653920730786,0.00328869790827046,0.00123058815985332,-0.199661070112346,-10.7951129202181,2.95082386907363,0.862917277968382,0.989534803649142
"20150620 13:30",4080,0.000961856519547474,0.000786532182196239,0.000441948790467881,0.918209106342455,-0.000104486297401241,0.000770353514646659,0.000440883383859319,0.921539314948138,-0.00643306729742882,0.0019599758514667,0.000710759067526364,0.492105628385689,-9.26037380169131,2.91854844511807,0.86196038847557,0.986162099730609
"20150621 11:30",4088,0.00123186677198565,0.00150328741992546,0.000689879014768265,0.776152287610648,-9.63657836376485e-05,0.00318199731768273,0.000649980266206049,-0.00292448151648306,-0.00560394408501407,0.0025162121059231,0.000987747360287899,0.372862010820858,-13.2149279914662,28.0417360762263,1.51459673354699,0.543238765518334
"20150621 15:00",2040,0.00243244830605526,0.0024966490554236,0.00146804948607316,0.915198557518058,-0.000190843345894354,0.00260964174353306,0.0015948994671906,0.907349018993195,-0.01460676084769,0.00525192839528543,0.00207058172683005,0.624745565356046,-12.2794923322343,4.91380713365936,1.66321926863592,0.986490731730325
"20150621 16:30",2044,0.00462879402548272,0.00381401118179359,0.00194464592250735,0.914015957664824,-0.000592070376398422,0.00491956946020223,0.0020690648952914,0.856943324477439,-0.0173304174442872,0.00847564788280914,0.00273598105129378,0.575380684076669,-7.86217909591719,4.87877611969045,1.37470731487364,0.94105769848619
"20150622 16:30",4080,0.00157903700694423,0.000960212915731935,0.000591433526556963,0.937875649165426,-0.000201246319921982,0.000960858296771964,0.000641967621172085,0.937792110709524,-0.00553289254944428,0.00174268908497982,0.000699909901699071,0.795371274588597,-7.77924501287553,2.51142405726549,1.60180643600171,0.981360680910679
"20150623 15:00",4088,0.00102857107610883,0.00199636992850049,0.00113528320461304,0.827546973296802,-0.000126112914336624,0.00196974917797414,0.0011343477683084,0.832115485928232,-0.00620800370247394,0.00428416512829247,0.00137831929709372,0.205815903821286,-8.051304704841,3.46090401126177,0.896946779259978,0.989497671761965
"20150626 08:30",4088,0.00313164255916079,0.00130572375569205,0.000777960755128108,0.92700983792325,-0.000209980712944051,0.00145223104115206,0.000853515406016332,0.909711352402208,0.0110494891537456,0.00239332736665291,0.00141768529436067,0.754774329545855,-14.8204647919211,2.28622281677464,0.865443793416483,0.988448377047656
"20150626 16:00",4080,0.00158524970106905,0.00184145968265029,0.000915428954077379,0.867684488622407,-0.000222997398646899,0.0021478702618338,0.000940303353400874,0.819987600791058,-0.00586641875660039,0.00258196420814282,0.00111848955816795,0.73987220150475,-6.9748785835893,3.03684512453516,0.834630065549586,0.974024956135867
"20150626 17:30",4080,0.00224975646653243,0.00132266115115728,0.00075113836650472,0.928194834838423,-0.000365199898076021,0.00152650450727828,0.000790342439835976,0.904356673649388,-0.00591733185404963,0.00194727682506779,0.000851091242403764,0.84436263103813,-6.06950681372328,1.85045932858128,0.731381530650611,0.980251841658668
"20150628 10:00",511,0.00110713311397453,0.00807194484690042,0.00291247660375867,0.594188939388348,-9.64316186674164e-05,0.0117059654381655,0.00324515492448907,0.146542335041057,0.00415412957587481,0.0148096332471502,0.0045198177568938,-0.366017035011965,-11.225467788019,62.3367264327394,13.0782142639566,0.679465530694935
"20150628 10:30",1020,0.000946823358013469,0.00411386953116578,0.00175427540020536,0.804315542470191,-9.15891354448863e-05,0.0049339923551849,0.00191259472996031,0.718516949598343,0.00384686018514505,0.00680091480155541,0.0028152513463081,0.465201755751225,-9.77926441186841,25.939779771883,10.3016088357336,0.875332224296986
"20150629 11:30",4080,0.00104386910567703,0.000917262593686446,0.000644874489815847,0.903421345357991,-9.84245318747161e-05,0.000924239969456203,0.000638375527616813,0.90194646013175,-0.00645227434461778,0.00294681075963664,0.00105943478114552,0.00322237932213087,-10.230380342065,3.65786655608516,1.15516609934808,0.981907559071198
"20150629 12:00",4080,0.000937863940029422,0.000893187375174669,0.000641081061038575,0.894842757911212,-0.000101668053262733,0.000856692599587844,0.000639881053946288,0.903260449201744,-0.00714817433855893,0.00236935455754903,0.000976507059679971,0.260029944688635,-9.12240507170097,3.2664600991529,0.856110211875714,0.982123637415907
"20150629 14:00",4088,0.000948409313377974,0.00224980188060187,0.00088397681070017,0.754436114870063,-0.000118193928411207,0.00205173869246939,0.000868375391235312,0.795769762610108,-0.00380588397138134,0.00410039979340705,0.00126071894760959,0.184303965779245,-8.07729160575131,6.02096932077205,1.44080975111985,0.958033711812253
"20150630 08:00",2040,0.00509890195602758,0.0024907943788401,0.00111841111767611,0.84495519012656,-0.000230570000908949,0.00296588713242445,0.00116552731088272,0.78016809744767,0.0119436910049916,0.00378531480615081,0.00189145578285762,0.641915530269146,-21.8611317086075,7.39457560208528,1.46361252003091,0.89035813558193
"20150701 12:00",4088,0.00107525676153602,0.000998222751595496,0.000529978939971007,0.920110179959374,-7.99540698863153e-05,0.000961156018408208,0.000536808937904958,0.925933078523149,0.00566660157545316,0.00235033857009727,0.00133558093166066,0.557108475048687,-13.5614794740612,4.07323607086219,1.12912152504611,0.990298461730073
"20150702 12:00",8176,0.000808189875897809,0.000504087896221456,0.000313528508220409,0.856656249803263,-8.81871629918853e-05,0.000533552187220104,0.000322437267326379,0.839409432684622,-0.00341197913427125,0.00103014317617156,0.000433879678365116,0.401365967066233,-9.01662519962014,1.69650783630685,0.531973961014286,0.983802709597046
"20150702 14:00",8176,0.000856281508453778,0.00053174028918002,0.000384614897993858,0.875924253543633,-0.000108559869638779,0.000535772355433371,0.000391040954664146,0.874035442778131,-0.00444712102314091,0.00139557659041574,0.000580308384551258,0.145336585268049,-7.80923467928909,1.30968078857458,0.466337632176944,0.988910372691568
"20150702 16:00",8160,0.000808404027450702,0.000513480586619693,0.00035343802326831,0.839995554838404,-0.00012078846088086,0.000537345723699287,0.000365153642779883,0.824776809072518,-0.00203994970749445,0.000755787880830295,0.000431428566297884,0.653355879757114,-6.58902653915056,1.11655508491154,0.571013368868546,0.983856140176066
"20150702 21:00",4080,0.00537417745118516,0.000755620754871289,0.000461265984731777,0.938427936169129,0.000607435012888385,0.00071088593122136,0.000528811430158774,0.94550259874766,-0.00305491473371482,0.000957065603820089,0.000676700750074902,0.90122219506806,8.86056308055987,0.735247424111108,0.389607655580189,0.975992226357657
"20150704 12:00",4080,0.00245203932613846,0.00118276437549676,0.000482901995632999,0.762058517731663,-0.000135392889966042,0.00136034104137302,0.000552209322696527,0.685247423370649,0.00275791126821762,0.00245605724514314,0.00116265641341092,-0.0260077996525998,-16.3713854257961,3.07381224721132,0.945146188774021,0.952405245161577
"20150704 14:30",2040,0.00115917721320989,0.00245358629337123,0.00101869416052253,0.762206297204581,-7.88641406489956e-05,0.00226676573107106,0.00102333188255208,0.797039767109604,0.00278261433354333,0.00325277141540258,0.00148933837361324,0.582068827364435,-14.1298989665791,7.84143769294911,2.5150687774458,0.979846101079129
"20150705 15:00",4080,0.00254300066534714,0.000656594742558432,0.000449772601093893,0.900844712911674,-0.000134810233570337,0.00073175517266046,0.000493731704186602,0.87684482191911,0.00602686791899364,0.000868954161034801,0.000518751543342904,0.826333997048021,-18.5827655705537,1.80298983394688,0.714801738235472,0.984927874115186
"20150705 16:00",4080,0.00208330303136948,0.00073390946713903,0.000476450624272861,0.909374821656629,-0.000123908450789082,0.0008942255609305,0.000529932720503439,0.865457945919741,0.00683763401912689,0.00147519878083611,0.000758437722466194,0.633844987428035,-16.3755934718349,2.62821844589101,0.897342317589114,0.98099952462843
"20150706 11:30",2044,0.00138391832552942,0.00227403407906298,0.00100265838664,0.780426967874291,-7.52999331723366e-05,0.00226654119319698,0.00105698888072221,0.781871559385682,0.0028188890330918,0.00323267219141044,0.0012950989672524,0.556280621397231,-18.1947643024997,6.37490205634312,2.27731324661772,0.986162868334163
"20150707 08:00",4080,0.00312152048426416,0.000897862800211644,0.00055184030775438,0.866835786521063,-0.000197392279471143,0.000947996879091515,0.000591739997810721,0.851549595068572,0.0135659335463292,0.00199425226703331,0.00122723540017975,0.343056892883915,-15.7535627486072,2.12967341222087,0.755611841300304,0.971243475884402
"20150707 12:00",4080,0.00126116298878609,0.000832124942295786,0.000501120754105562,0.916569283162455,-0.000130496045131307,0.000939548583973917,0.000529552885950377,0.89363778326017,-0.0031205845307362,0.00301829525563435,0.00144060240697489,-0.0976713716033253,-9.67896300608293,3.34897466863635,0.8121977526383,0.9744028911603
"20150707 15:00",4080,0.0013156714824365,0.000974809071615273,0.000586758200117216,0.906450276904521,-0.000152281062467274,0.00115149895139498,0.000611115625423521,0.869463947325517,-0.00689375588629071,0.00265974152418897,0.000974677175963486,0.303562337267473,-8.49291323977316,2.75821759466841,0.737412721230367,0.980249204660159
"20150708 08:00",4080,0.00353389975210606,0.00103278817600141,0.0005607269813041,0.883998911842222,-0.00018241596749214,0.00113930048933376,0.000621903131236296,0.858838548107722,0.0109831159768301,0.00169756977170362,0.000938011271709666,0.686603014179864,-19.1551662659543,1.62475974406059,0.702557679103356,0.988474545980972
"20150708 11:30",4080,0.00192342673061396,0.00118540656582978,0.000663184416428491,0.876686876104885,-0.000140424357660671,0.00126454368423731,0.00067693981725134,0.859672652311848,0.00723931659177725,0.00316582426002967,0.00169677509541544,0.120474878207844,-13.5205008184797,2.79941297481209,0.832379336897777,0.985434757236045
"20150709 14:30",4080,0.0015669351445264,0.00171593551844527,0.000913088133563908,0.872833781360696,-0.000223707944824647,0.00165757054025003,0.000920284335900702,0.88133739758424,-0.0084561391595035,0.0033215732894095,0.00129345991297751,0.523505920723294,-6.99703000715296,2.20857335992056,0.732589429840374,0.98792279836669
"20150709 15:00",4080,0.00162499179674231,0.00116147178777324,0.000789934507565511,0.940569106929042,-0.000233023846420645,0.0012069267362805,0.000821575029914918,0.935826349883062,-0.00930935875617997,0.0031513872944694,0.00129253605611202,0.562479420616481,-7.02276956178971,2.00092005258465,0.712527454364803,0.98939843627801
"20150710 11:00",2040,0.00181162425202372,0.00216190263939525,0.00129924700430785,0.93685234174101,-0.000188757285712523,0.00287806262539649,0.00137818429568528,0.888085730045781,0.0109131025987363,0.00479689230270662,0.00313022927050649,0.689111310227119,-9.31445934165405,9.02478628642401,2.0105736773375,0.957955804522529
"20150710 14:00",2040,0.00181821246540176,0.00329542744292773,0.00185701490662105,0.930000606049126,-0.000251282284325364,0.00337136822926803,0.00194367751615269,0.926737260922608,0.00894705589884214,0.0109863945025767,0.00604999151629994,0.221997215392423,-7.22782022582931,4.51425036036301,1.60529284576813,0.990832201926984
"20150710 14:30",2040,0.00174711962876801,0.00430294211781203,0.00191499079277341,0.841095320593056,-0.000253361589649604,0.0047609755041883,0.00195661334475624,0.805465079320593,-0.0118739578530576,0.010334545806836,0.00524747222845812,0.0833818185159709,-6.88785329470325,4.50251224651314,1.57889363710297,0.985907904502558
"20150710 17:00",4088,0.00247844056873077,0.00246469570302718,0.00138401498305543,0.842495503363826,-0.00041706140189145,0.00323140846727922,0.00148222116653616,0.729261475025852,-0.00898662059739861,0.0043982539002692,0.00143420945207899,0.498435333673834,-5.60140732267921,2.98466080640178,0.880364645797381,0.945727462705492
"20150711 11:00",2040,0.00192705661586099,0.00315539042196637,0.00174425947711229,0.894030161198595,-0.000219981691679651,0.00319506218537619,0.00179621962875695,0.89134875720148,0.0108525115912534,0.00525657803945351,0.00357655570711763,0.70590861639649,-8.62075999139135,4.87704911705219,1.49702703568785,0.985174051526701
"20150711 12:00",2040,0.00201174140576069,0.00303454090249558,0.00183827242634667,0.91529753941666,-0.000254656764741052,0.00395826540487747,0.00199799089575433,0.855881459110222,0.0134247040615524,0.00902402568520979,0.00480511590274881,0.250950220014668,-7.77531876450948,7.72235352569824,1.69555515038588,0.961739207603437
"20150711 17:00",4088,0.00245203735056489,0.00267262455384153,0.00118464618446376,0.837118059113143,-0.000440600534841966,0.00327109923750369,0.00136966097564878,0.756003010876519,-0.0144886328004747,0.00578870533186966,0.00169832524718682,0.235882909660405,-5.43304152819697,2.78388844518047,0.789964811318529,0.960531682631706
"20150712 07:30",2044,0.00582990752786504,0.0059630713252646,0.00270465932691309,0.792407242574194,-0.00054713347411437,0.00925601229453617,0.00288395724950801,0.49982724081708,-0.00559725252187585,0.0127864865991865,0.00519863322942207,0.0455028298760839,-9.71918250167746,8.31420005235791,1.82521203481937,0.806033325174394
"20150712 13:30",4088,0.00180884079167133,0.0040423763585536,0.00174043100470969,0.786400046162867,-0.00028828080439094,0.00398150437794334,0.00174840703973309,0.792784585417616,-0.00503207691113527,0.00897857277603297,0.00359811455109002,-0.0537613811356756,-6.29104732268642,2.84339201411309,0.820782307140969,0.986583515972936
"20150712 17:30",2040,0.00383688704265118,0.0062244278321032,0.00369458147414861,0.866477309176384,-0.000792881822442757,0.00792349670935726,0.00423622368331179,0.783633525957886,-0.0180882684338902,0.0113655295920397,0.00417394296043537,0.554820089216539,-4.52195882013336,3.36642335789855,1.27255899065965,0.961051991430028
"20150713 12:00",4088,0.00337102644722192,0.00576577240073722,0.0027656679413657,0.823862646935552,-0.000528331631523548,0.00611266106766295,0.00289308507538622,0.802031037331503,0.0144683845798852,0.0120273113615858,0.00514198517937589,0.233568079807155,-6.29987975149331,3.20516032458611,1.00409208595476,0.977854234053048
"20150713 13:00",4088,0.00372983803432556,0.0097759215180131,0.0039935735908231,0.687485710686288,-0.000636032803474437,0.00998318862242762,0.00422807106648967,0.674093501349622,0.00933862358100482,0.0170873153619622,0.00675229493949753,0.0452225866506315,-5.71412261986802,2.94145202084693,0.88593751951629,0.978731540373812
"20150713 15:00",4080,0.00501885454325405,0.00724437102631604,0.00393844255761782,0.793648128168902,-0.000961762165584105,0.00809210847376863,0.00434061635507136,0.742527746325043,-0.022018722730994,0.0164352297068863,0.00763512928933225,-0.0620833475817559,-4.98648201948824,2.10131939646095,0.938267402724444,0.978483496260234
"20150713 16:00",4080,0.0056527802822371,0.00637624868645642,0.0032823553446278,0.817848378521281,-0.00127457233474374,0.00797275400512015,0.00393156399905934,0.715213579973127,-0.0388758765706449,0.00986751482844962,0.00485104156534647,0.563767394726213,-4.11425716106759,1.99011606933919,0.877949734688592,0.961451993362468
"20150713 20:00",2040,0.028194272167614,0.00997107304103163,0.00634486426402167,0.862495009269722,0.00128076607111015,0.00889632821648775,0.00600875385010069,0.890539794220191,-0.015376382577943,0.0124418664826839,0.00668507892017878,0.785905387447392,21.8771218959879,4.02197439085622,1.80003328510142,0.955860507042233
"20150714 12:30",4080,0.0038911566728687,0.0051972074877594,0.00266130625076003,0.841082795400289,-0.000677564359603871,0.00586908147103503,0.00297529006531645,0.797338579467685,0.0222069486932681,0.0105502368598203,0.00591343536668631,0.345129803330073,-5.51354980627551,2.21685763273258,0.943333725944732,0.982544463046266
"20150714 16:30",4088,0.00408814622202015,0.00760858193072273,0.00367470586079184,0.650219020397564,-0.000805200304359675,0.00965148067272521,0.00397782300299035,0.437170778739095,-0.0255715333548197,0.0108652335362774,0.00477695629843421,0.286708781258754,-4.37688309233303,3.57033688983144,1.26377972879566,0.917289000826905
"20150715 08:00",2040,0.00138754504212512,0.00208768773265325,0.00115018091856586,0.575176354900749,-0.000145980914236842,0.00233129890877181,0.00116857070767861,0.47024687998519,0.00386812470356659,0.00315951806783553,0.00169943047452935,0.0269855523271946,-8.90197990292478,3.71704101861086,1.13186191290096,0.937920183467631
"20150717 09:30",4088,0.000495411245177341,0.000777148461670538,0.000314847517120502,0.66046159968903,-5.60318880006942e-05,0.000837140169848149,0.000322182319352099,0.606017185258819,0.00176131589374628,0.000911830017714022,0.000392773192427191,0.532578499477142,-8.64813045174744,2.65818008837876,0.675957342913908,0.978303597826179
"20150717 13:30",2040,0.000491940715420951,0.00206476344075585,0.000771929102041257,0.697213654086444,-6.84064923747458e-05,0.00216638305026202,0.000816428078805547,0.66667630972153,-0.000395132234024301,0.00375829334993093,0.00148697405068292,-0.00317577041355244,-7.02224679768466,6.69770850368206,1.98675148642198,0.969027268176164
"20150717 17:00",2040,0.000658544201141781,0.00194891523199837,0.000833456627328248,0.730180430452332,-0.00012419884103573,0.00196066961830884,0.000848519420647237,0.726915919362947,-0.00283315555383249,0.00329295368243862,0.00107134174152954,0.229701965820086,-5.18528722158865,2.77908418491277,0.889994682277396,0.983668274137723
"20150718 09:30",2040,0.000530066276240961,0.00099056361640722,0.000506199009905142,0.742841142873796,-6.26348578417116e-05,0.00105695475290826,0.000511507797478522,0.707214520346017,0.00186036419170886,0.00119613981614542,0.000610907444827031,0.625026448031796,-8.317284869426,3.24608974771605,0.989477467278977,0.982764200478055
"20150719 15:30",2044,0.000592466257280799,0.0030227680972995,0.00122140629280971,0.718781144245643,-0.000106164863283685,0.00321589785742056,0.00126489902874955,0.681698071748098,-0.00365834342130001,0.00630360916476057,0.001767336312416,-0.222963043636541,-5.50760932049829,8.66859626454153,1.62045165780775,0.954926208912245
"20150719 16:00",2040,0.000662417401912838,0.00248314714427078,0.00113121045146836,0.727030162979702,-0.000124256713121395,0.00248434131447804,0.00115434400261867,0.72676755201901,-0.00391594411979924,0.00432387914538328,0.00162168747991141,0.172330706684808,-5.34520777683872,3.31725585963805,1.19884001671032,0.988200594034342
"20150724 10:00",511,0.000896762286683145,0.00538287956723902,0.002064472361257,0.616038798805444,-8.32982870924974e-05,0.00564059633972853,0.00226218951701552,0.578392762556307,0.00141193411117971,0.00735424723592917,0.00328650157117429,0.283304847756347,-11.029771567455,22.7049372031994,8.65288842893472,0.90777011707379
"20150726 11:30",2044,0.000809884142718039,0.0038232834887806,0.00151142004521133,0.660641731137186,-0.000124366781984857,0.00452303934281764,0.00154993135417389,0.525051889785904,0.00277165583229041,0.00507743685951406,0.00182121547761456,0.401485748461568,-6.37697346363554,8.58784766266641,1.94107225166667,0.94203949235478
"20150728 16:00",2044,0.00101153071674785,0.00758873497767449,0.00172814439795528,0.648050528700607,-0.000198672687556465,0.00715239886104808,0.00171017582244774,0.687359673561595,-0.00581492271156584,0.0113616843825211,0.00256203989495237,0.211090862313265,-4.89719672417648,7.72818032177472,1.75172088975949,0.962127129218671
"20150803 15:00",1020,0.000333877508315687,0.00305905013169304,0.00155065661909984,0.656982655959393,-7.03253997106796e-05,0.00309890831787232,0.0015381921038213,0.647985667217813,-0.00260341542191821,0.00472627275875979,0.00188443448226354,0.181195058988696,-4.57832903704862,10.4165987905899,3.74804471163343,0.966480258751029
"20150804 15:30",2040,0.00023046959892282,0.00144050572095285,0.000578232064952206,0.548208355722113,-5.86777204483247e-05,0.00137141576160518,0.000561757723579393,0.590506990124236,-0.00129694998182864,0.00203909225114817,0.000776820136552697,0.0947219959839616,-3.83943241080167,5.70877753939303,1.37191845646353,0.948617219089212
"20150805 10:30",2040,9.11048320371788e-05,0.000592997436210656,0.00022994973885066,0.338436065958556,-1.59448903849373e-05,0.00061854759467486,0.000235201358393436,0.280199018546179,0.000395524998407674,0.000639930854956998,0.000243057360157344,0.229571587013473,-5.38925154070786,3.18157868807208,1.6870775671051,0.976211171668719
"20150805 17:00",2040,0.000759551932589823,0.00166456517058388,0.000512752403166828,0.573704166809349,-0.000101016615834309,0.00165528270007181,0.000550129778440547,0.578445399197803,0.0021364685737077,0.00178299415462703,0.000572875218402593,0.510886871521924,-7.27726608434811,2.3937560142658,0.921496258480436,0.976404239352543
